"Accuracy","Kappa","Precision","Recall","Specificity","F1"
0.634679334916865,0.215030247190466,0.335140997830803,0.664516129032258,0.626219512195122,0.445565969718818
