"Accuracy","Kappa","Precision","Recall","Specificity","F1"
0.59952380952381,0.160742458514703,0.301554404145078,0.635371179039301,0.58952496954933,0.408995080815179
