"Accuracy","Kappa","Precision","Recall","Specificity","F1"
0.788095238095238,0.137329404466501,0.492063492063492,0.139954853273138,0.96137598068799,0.21792618629174
