"Accuracy","Kappa","Precision","Recall","Specificity","F1"
0.795714285714286,0.23245090889263,0.581005586592179,0.22707423580786,0.954323995127893,0.326530612244898
