"Accuracy","Kappa","Precision","Recall","Specificity","F1"
0.804275534441805,0.306330733853229,0.614718614718614,0.305376344086021,0.945731707317073,0.408045977011494
