"Accuracy","Kappa","Precision","Recall","Specificity","F1"
0.634285714285714,0.171401004306372,0.305854241338112,0.577878103837472,0.649366324683162,0.4
