"Accuracy","Kappa","Precision","Recall","Specificity","F1"
0.598095238095238,0.137595465904756,0.280172413793103,0.596330275229358,0.598557692307692,0.381231671554252
