"Accuracy","Kappa","Precision","Recall","Specificity","F1"
0.626666666666667,0.144734381428518,0.288321167883212,0.543577981651376,0.6484375,0.376788553259142
