"Accuracy","Kappa","Precision","Recall","Specificity","F1"
0.673159144893112,0.262850889471407,0.367103694874851,0.662365591397849,0.676219512195122,0.47239263803681
