"Accuracy","Kappa","Precision","Recall","Specificity","F1"
0.582857142857143,0.115559064173411,0.271383315733897,0.580135440180587,0.583584791792396,0.36978417266187
