"Accuracy","Kappa","Precision","Recall","Specificity","F1"
0.654761904761905,0.222239704445979,0.341260404280618,0.626637554585153,0.662606577344702,0.441878367975366
