"Accuracy","Kappa","Precision","Recall","Specificity","F1"
0.789047619047619,0.090114197856883,0.459770114942529,0.0917431192660551,0.971754807692308,0.152963671128107
